Dream_id,Original entry,matched_symbols,scores,visual_prompt
0,"""setting"": ""a glowing forest"",
    ""symbol"": ""a black cat with golden eyes"",
    ""feeling"": ""melancholy"",
    ""metaphor"": ""a search for identity"",
    ""creative_spark"": ""a short story idea"",
    ""user_action"": ""open the red door""","Forests, Cat Eyes, Sadness, Identity, Story, Door","[0.6454763412475586, 0.5984247922897339, 0.726984977722168, 0.6956846714019775, 0.5147964954376221, 0.6489484310150146]","Title: ""The Doorway to Self""

To create the image, imagine the glowing forest as an ethereal, otherworldly realm. Use soft, blurred lines to illustrate the dense foliage, a wash of luminescent greens and blues creating a sparkling backdrop inspired by the dreamlike quality of Rousseau's jungle paintings. The forest is alive with a subtle, mystical light that beams through the leaves, as though each tree holds an inner luminescence.

In the foreground, position a sleek black cat, reminiscent of the mysterious and poignant figures in Edward Hopper's work, with an elegant body and fur that absorbs the surrounding light. The cat's eyes should be strikingly golden, glowing with an inner light. The eyes are large and piercing, almost as if they can peer into one's soul, capturing the theme of identity and introspection.

Express the mood of melancholy by incorporating somber tones — twilight purples and misty grays — subtly woven into the forest's shadows. The light here is soft, with areas of deep contrast, evoking a sense of gentle solitude and reflection, the way Van Gogh's ""Starry Night"" balances light and darkness with movement and silence. 

To symbolize the search for identity, place a curious red door in the background, partially obscured by vines and mist. It is reminiscent of Magritte's surrealism, where everyday objects gain extraordinary meaning. The door should appear both inviting and enigmatic, a portal to the unknown, representing the catalyst for a story yet untold.

Use texture to communicate mood – rough, bark-like textures for the trees, juxtaposed with the smooth reflective sheen of the cat's eyes and the polished wood of the door. The contrast will draw the viewer in, increasing the expressive depth of the piece.

Overall, this image should feel like a still from an unwritten narrative, with a somber yet hopeful aura, echoing the silent wistfulness of a world where every path leads to self-discovery."
1,"""setting"": ""an abandoned subway station"",
    ""symbol"": ""a clock with no hands"",
    ""feeling"": ""awe"",
    ""metaphor"": ""a confrontation with the past"",
    ""creative_spark"": ""a painting concept"",
    ""user_action"": ""climb the endless staircase""","Abandoned House, Clock, Beautiful, History, Painting-Artwork, Spiral Staircase","[0.6279581189155579, 0.6871187090873718, 0.5296643376350403, 0.6164911389350891, 0.760295569896698, 0.7450755834579468]","**Visual Prompt for Image Generation Model:**

Create a scene set within an abandoned subway station, capturing the essence of awe and a confrontation with the past. Use a rich, yet mysterious color palette of deep blues, muted grays, and touches of gold to evoke a sense of wonder and historical depth.

**Abandoned House & Subway Station:** Imagine the subway station as an architectural relic, its bygone grandeur resembling a grand, deserted mansion. Use light and shadow to highlight ornate features, with cascading natural light pouring through cracked skylights, casting long, dramatic shadows across the dusty tiled floor. The structure should hint at sophistication, with decaying embellishments reminiscent of Baroque mansions, invoking a profound sense of beauty in decay.

**Clock with No Hands:** Position this clock prominently in the center of the image, suspended above the platform like a ghostly relic. Craft it as a grand, antique clock with an elaborately decorated gold frame, but missing its hands, symbolizing the stillness of time. Use intricate detailing to draw the viewer’s eye and symbolize the confrontation with history, giving the impression that time in this place is both frozen and eternal.

**Beautiful:** Infuse the scene with subtle touches of beauty amidst the decay. The tiles, though dusty, should glimmer like forgotten jewels. Introduce elements of art nouveau, with curling, organic lines that echo nature and counterbalance the abandoned environment with gentle beauty.

**Painting-Artwork:** Include a large, faded mural on one wall, depicting an idealized version of a thriving, bustling subway station from its past—a nod to art historical frescoes. Use a softened, ethereal quality for this mural, as though the figures within are ghosts watching over the present scene.

**Spiral Staircase:** Design an elegant spiral staircase in the foreground descending into shadowed depths or ascending into blinding light, creating a conceptual painting. Its wrought-iron railing is ornate, and its steps are worn, yet inviting. Place the viewer as if standing at the base, filled with the urge to climb, echoing the user action.

**Emotion & Awe:** Capture a sense of awe through grandiose scale, contrasting the smallness of an imaginary observer with the vastness of the scene. Use high contrast between shadow and light to amplify emotional intensity, pulling the viewer into the narrative of lost history and infinite possibilities.

Inspire a blend of Rene Magritte’s surrealism with the haunting atmospheres of Edvard Munch, creating a deeply symbolic, arresting visual experience that invites contemplation and an imaginative journey through time and space."
2,"""setting"": ""a floating city"",
    ""symbol"": ""a singing tree"",
    ""feeling"": ""confusion"",
    ""metaphor"": ""letting go of control"",
    ""creative_spark"": ""a melody fragment"",
    ""user_action"": ""speak to the tree""","Floating, Christmas Tree, Confused, Control, Musical Notes, Tree Trunk","[0.5986570119857788, 0.6287487149238586, 0.898148238658905, 0.6566088199615479, 0.47931018471717834, 0.568034291267395]","**Title: The Singing Tree of the Floating City**

To create a vivid and emotionally resonant image from this dream description, we draw inspiration from the enigmatic compositions of Salvador Dalí and the dream-like quality of René Magritte's works. The setting is an ethereal floating city, suspended amid a swirling kaleidoscope of colors drawn from the auroras of the northern skies—vibrant greens, deep blues, and flashes of pink and violet.

**Scene Composition:**
1. **Floating Cityscape**: Imagine an expansive city that floats amid clouds and mists. The architecture is fantastical, echoing elements of ancient and futuristic aesthetics, with elongated lines and curves reminiscent of Gaudí's organic structures. Buildings are suspended on massive floating platforms, tethered to nothing but thin air, suggesting a release of control and mimicking the surrealist depictions of gravity-defying scenes.

2. **The Singing Tree**: Position a grand tree near the center of the image, with a substantial gnarled trunk that suggests age and wisdom. The form and texture of the bark should evoke a sense of life and music, its surface etched with faint, rhythmical patterns resembling musical staves. The branches of the tree appear as elongated arms reaching skyward, blossoming into luminescent, crystalline leaves that shimmer with internal light.

3. **Christmas Elements**: Among the leaves, delicate glass baubles hang like Christmas decorations, refracting light into a prismatic halo around the tree. These introduce a festive yet surreal twist to the scene, enhancing the sense of wonder and otherworldly charm.

4. **Music and Confusion**: From the branches, ornate silver musical notes gently cascade into the air, dissolving into ripples of sound visible as tangible morphemes. This symbolizes the melody fragment that encapsulates the creative spark, bridging hearing to sight in the cityscape. Around the tree, the air itself seems to ripple in concentric circles, subtly distorting the environment, thus conjuring the dreamer’s sense of puzzlement and confusion.

5. **Interaction**: Add an ethereal figure standing nearby, captured mid-conversation with the tree. This figure embodies an air of gentle inquiry, signaling the attempt to understand or communicate with this arboreal oracle. Use softer, diffuse light around the figure to focus attention on this interaction, pulling the viewer's eye towards the human element within this surreal tableau.

**Art Direction:**
- **Color and Light**: Use iridescent hues with strong contrasts to enhance the fantastical atmosphere, capturing luminescence and shadow play reminiscent of Vermeer’s deft handling of light.
- **Textures and Shapes**: Employ fluid, sinuous lines and organic textures, ensuring that everything feels connected and alive, as if the entire scene breathes with the pulse of a living organism.
- **Overall Emotion**: Accentuate the dreamlike environment with a harmonious balance between the awe-inspiring and the mysterious, invoking feelings of bewilderment and curiosity. This composition should simultaneously communicate the exhilaration of relinquishing control and the enigmatic allure of a musical, floatacious world.

Instruct the image generation model to bring this vision to life with a sensitivity to both minute detail and broader surreal motifs, capturing both the intricacy of single elements and the grand unity of the fantastical scene."
3,"""setting"": ""a desert lit by a green moon"",
    ""symbol"": ""a mirror that shows childhood memories"",
    ""feeling"": ""peace"",
    ""metaphor"": ""rediscovering joy"",
    ""creative_spark"": ""a stage play setting"",
    ""user_action"": ""follow the cat""","Desert, Mirror, Peace, Joy, Play (Theatrical), Following","[0.5892772674560547, 0.5043054819107056, 1.0, 0.7401633858680725, 0.7891461849212646, 0.5883182287216187]","Create a dream-like surrealist scene inspired by artistic styles like Salvador Dalí’s dreamscapes and Marc Chagall's rich expressions of joy. 

Envision a vast desert landscape under the ethereal glow of a green moon, casting an unnatural yet serene light over the landscape. This moon should bathe the sand in hues of emerald and jade, creating an otherworldly, peaceful atmosphere. Use soft, fluid lines to suggest tranquility, with a gentle undulation in the desert dunes, evoking the gentle waves of an ocean frozen in time.

In the center of this desert, place an enormous, ornate mirror. This mirror is not an ordinary mirror—it is designed with frames resembling the intricate detail of Baroque art, hinting at opulence and history. The mirror reflects not the present scene but vivid, happy childhood memories. These images should be lively and colorful, bursting forth with a cacophony of colors (yellows, blues, and reds) reminiscent of a Chagall painting. The reflections should depict scenes of laughter, play, and innocent joy, seemingly animated and full of motion, like a dream within a dream.

In one corner of the scene, a small stage is poised under the moonlight, reminiscent of a simple theater set with red velvet curtains parted open. Upon this stage, a whimsical play unfolds—a symbolic performance of 'following', acted out by abstract, playful shadows, reminiscent of ancient Greek amphitheater cut-out style silhouettes.

Paint a curious cat, slender and mysterious, with fur reflecting the moon's green glow. It weaves through the scene, though its path leads continuously towards the horizon. Use the cat to draw the viewer's eye deeper into the dream, a guide through this surreal narrative.

The whole scene should convey an enveloping sense of calm and introspection. Texture the sands in the foreground with delicate patterns to emphasize contrast against the vast, smooth sky, using crisp lines and deep shadowing. Amidst this serene desert, there is a quiet invitation to rediscover a forgotten joy, a hidden peace awaiting rediscovery."
4,"""setting"": ""a vast library with no exit"",
    ""symbol"": ""a red door"",
    ""feeling"": ""nostalgia"",
    ""metaphor"": ""the weight of memory"",
    ""creative_spark"": ""a poem line"",
    ""user_action"": ""look into the mirror""","Library, Door, Memories, Computer Memory, Poem, Mirror","[0.638824999332428, 0.7528484463691711, 0.7317900657653809, 0.6298461556434631, 0.749528706073761, 0.5702745914459229]","To create a visual translation of the dream, envision an expansive, boundless library reminiscent of Piranesi's impossible architectures. The structure should be laden with endless rows of towering bookshelves, the colors of the ancient yellowed pages contrasting with the rich, dark mahogany of the shelves. These textures evoke the accumulated wisdom and weight of memory housed within this monumental space.

At the heart of the library, a vibrant red door stands out sharply against the muted browns and golds, symbolizing a beacon of potential escape and mystery yet leading nowhere. Its hue should be akin to that of a Rothko painting—velvety and intense, drawing the eye with a promise unfulfilled, imbuing the scene with a bittersweet nostalgia.

In an inset alcove, a wall functions as a giant computer memory board—though classical in its architecture, microchips and circuit patterns are woven into the stone, illustrating the coexistence and contrast of organic memories and digital memory storage. The lines of the circuits glow softly, a luminescent blue against the cold, hard surface of the stone, suggesting the latent energy of remembered moments.

A mirror hangs nearby, its frame ornate like an art nouveau piece, swirling with tendrils and floral motifs. It reflects an ethereal, ghostly version of the onlooker, slightly fragmented, evoking the nature of memory itself—intermittent and imprecise. The glass captures not only the image but the emotional aura, warping the visage with a tender, melancholic light.

A golden shaft of light from an unseen skylight illuminates a space on the floor, where a scroll unfurls, presenting a singular poem line—“In this labyrinth of echoes, I find my past anew.” Written in cursive akin to the penmanship found in illuminated manuscripts, the words shimmer with an inner glow, capturing the creative spark of poetic inspiration amidst the labyrinthine sea of recollections.

Overall, the emotional tone of this image is a serene contemplation tinged with longing, as the weight of memory hangs over the scene. It should evoke the timelessness of memory, the paradox of yearning for a past within an unending present, much like a painting by Edward Hopper that portrays isolation yet intimate connection."
5,"    ""setting"": ""a mountain made of glass"",
    ""symbol"": ""a floating candle"",
    ""feeling"": ""fear"",
    ""metaphor"": ""facing inner fears"",
    ""creative_spark"": ""a character sketch"",
    ""user_action"": ""turn the page of the journal""","Sea Glass, Candles, Fear, Fear, Drawing, Journal","[0.628537654876709, 0.6703036427497864, 1.0000001192092896, 0.5869678854942322, 0.561778724193573, 0.6448619365692139]","**Visual Prompt:**

Imagine an ethereal dreamscape set on a colossal, majestic mountain made entirely of shimmering sea glass, casting prismatic reflections across the scene. The mountain towers against a kaleidoscopic dusk sky, where colors of sunset—warm oranges, and deep purples—meld into a surreal tapestry. At the zenith of this glass mountain, a singular, luminous candle floats, defying gravity and casting a serene, ambient glow outward. The candle's light contrasts with the rich, velvety purples and blues of twilight, bathing the mountain in an otherworldly aura that suggests both wonder and intrigue.

To infuse the scene with the feeling of fear, incorporate shadowy figures at the mountain's base, akin to the distorted, emotional intensity found in Edvard Munch's ""The Scream."" These figures are wisps of dark smoke, languorously twisting and reaching like tendrils, capturing the palpable tension of confronting one's inner fears.

Near the heart of the visual, a translucent journal rests open, its delicate pages rustling in an imagined breeze. The journal, slightly askew, invites viewers to peer into its sketches—a character of mythical proportions emerging from the pages, reminiscent of Da Vinci's detailed studies—each line alive with potential and self-discovery.

Lines in the image are dynamic and flowing, mirroring the sense of movement and transition inherent in turning a page. Textures are myriad, ranging from the smooth, reflective surfaces of the glass mountain to the soft flicker of the candlelight, and the finely-grained texture of the journal's paper.

The overall emotion is a complex blend of introspection and suspense, steeped in the personal journey of confronting and narrating one's fears, offering a moment of cathartic release and creative enlightenment amidst a mesmerizing and symbolic dream landscape."
6,"""setting"": ""a frozen ocean"",
    ""symbol"": ""a staircase leading into the clouds"",
    ""feeling"": ""liberation"",
    ""metaphor"": ""a cycle breaking"",
    ""creative_spark"": ""a dream journal entry"",
    ""user_action"": ""walk into the fog""","Ocean, Spiral Staircase, Freedom, Break Pedal, Remembering Dreams, Fog","[0.6663285493850708, 0.637496292591095, 0.704184889793396, 0.506173312664032, 0.5624043941497803, 0.7295925617218018]","To create an evocative and symbolic dream image, begin with the setting of a frozen ocean. Visualize this scene as a vast, icy expanse under a twilight sky, capturing the ethereal light with shades of deep blue and silver. The surface of the ocean is textured with intricate ice patterns, reminiscent of stars or dreamscapes, to symbolize the theme of 'Remembering Dreams.'

In the center of the scene, draw a Spiral Staircase. This staircase rises elegantly from the sea, winding upwards in a smooth, golden arc. The steps are crafted from cloud-like wisps and tinged with the warm hues of dawn—rose, gold, and pale lavender—to contrast the cool landscape. This symbolizes the journey towards 'Freedom' and ascends into the clouds, suggesting an escape into the limitless sky.

The feeling of 'Liberation' is communicated through vibrant light radiating from the staircase, casting dynamic, sweeping shadows across the frozen sea. Use soft, flowing lines to suggest movement and the breaking free of constraints, echoing the 'Cycle Breaking' metaphor.

Incorporate the 'Break Pedal' symbol subtly into the design of the lower staircase. Render it as an understated metallic lever alongside one of the steps, representing the moment of decision to pause and choose a new path.

As a surreal element, include a figure in the foreground: the 'user action' embodiment—walking into the 'Fog.' This figure is a silhouette, blending into the mist with gradually diffusing strokes, suggesting both anonymity and universality of the journey. The fog itself is a soft, enveloping texture that fades into the distance, inviting exploration and introspection.

For 'creative_spark,' show an open journal lying gently on the ice nearby. Leaves of paper flutter in a phantom breeze, inscribed with dreamlike, swirling script that dances across the pages, hinting at stories not yet fully written or understood.

The light is gentle but imbued with a sense of hope and revelation as it breaks through the clouds, reminiscent of Romantic art, where nature embodies the sublime and invites viewers into a contemplative dream world. Overall, the image should feel timeless and expansive, blending classical beauty with fantastical elements to evoke a profound sense of wonder and possibility."
7,"""setting"": ""a city with no people"",
    ""symbol"": ""an old photograph"",
    ""feeling"": ""anticipation"",
    ""metaphor"": ""creative rebirth"",
    ""creative_spark"": ""a game design concept"",
    ""user_action"": ""touch the candle flame""","City, Photographs, Waiting, Creativity, Games, Flame","[0.530882716178894, 0.5938019752502441, 0.5350817441940308, 0.6292433738708496, 0.4817127287387848, 0.6434893012046814]","For the dream-to-image translation, imagine a surreal, yet strikingly beautiful cityscape that seems to be paused in time, exuding a haunting yet serene absence of human presence. This is a city with no people, drawn in a style reminiscent of Giorgio de Chirico's metaphysical art. The buildings are tall and shadowy, with exaggerated perspective lines that converge down empty avenues, creating a feeling of anticipation.

In the foreground, place a large, weathered photograph, suspended in midair. The photograph should be faded and sepia-toned, hinting at nostalgia and memories. It's torn at the edges, yet somehow feels precious, capturing a glimpse of a bustling street from a bygone era. This symbol draws inspiration from Salvador Dalí’s dreamlike compositions, integrating the past into the present in a surreal manner.

The emotion of anticipation is further depicted with a play on contrasting light and darkness; the city is bathed in the soft, golden light of dawn, suggesting the promise of a new day. Shadows are long, stretching expectantly across cobbled streets, as if the city itself is waiting for its inhabitants to return and awaken its dormant energy.

In a central square of the city, surrounded by the towering, silent architecture, sits a giant chessboard. The pieces, partially transparent and shimmering, illuminate a creative spark. This symbolizes the game design concept, wrought from the vibrant imagination. The pieces are not typical; they are fantastical and abstract, reminiscent of Joan Miró's playful use of form and color, suggesting movement and creativity in their poised yet static dance.

Lastly, a singular candle stands in the center of this chessboard, its flame alive and flickering with an almost supernatural vitality. The candle's flame is a brilliant, almost blinding beacon of light in the composition. This is the metaphor for creative rebirth, a focal point for the observer’s gaze, much like Jay DeFeo’s evocative depiction of light and form. The flame’s texture is dynamic and fluid, conveying intensity and warmth, inviting the user to reach out and touch it, signifying both risk and the spark of new ideas.

Overall, the piece should evoke an atmosphere of hopeful anticipation and silent potential, merging the past and future in an everlasting moment of expectant creativity."
8,"    ""setting"": ""a maze of mirrors"",
    ""symbol"": ""a locked journal"",
    ""feeling"": ""longing"",
    ""metaphor"": ""time standing still"",
    ""creative_spark"": ""a sci-fi script hook"",
    ""user_action"": ""ask the shadow a question""","Maze, Journal, Longing, Time, Hookie, Shadows","[0.6210330128669739, 0.655047595500946, 1.0, 0.5182105302810669, 0.39172112941741943, 0.6812774538993835]","To create a vivid image based on the provided symbols, imagine a surrealistic scene inspired by the dream-like atmospheres of René Magritte and the reflective intricacies of Escher's work.

**Setting: A Maze of Mirrors**
The image should center around a vast, infinite maze constructed entirely of tall, crystalline mirrors. These mirrors reflect endlessly into each other, creating an illusion of infinite paths, suggestive of Escher's mathematical intrigue. Use a cool, bluish palette with silvery highlights to evoke a feeling of mystery and clarity, yet also confusion and wonder.

**Symbol: A Locked Journal**
At the heart of the maze, place a journal on a mirrored pedestal. The journal is large, with an ornate lock, its cover richly textured with intricate gold leaf designs. A hint of warm, golden light seems to emanate from between its pages, offering a stark contrast against the cool tones of the setting—hinting at knowledge and secrets waiting to be unlocked.

**Feeling: Longing**
Incorporate figures into the scene to communicate the emotion of longing. Figures are depicted gazing at the journal from various mirrors, their reflections overlapping. Each has a slightly translucent quality, suggesting they're part of the maze's enigmatic nature, reaching out but unable to touch the journal. Their expressions are wistful and yearning, inspired by Edward Hopper's isolated figures, enhancing the deep sense of longing.

**Metaphor: Time Standing Still**
Above the maze, a large, surrealistic clock hangs, its hands motionless. It casts elongated shadows across the maze, blending with the real ones cast by the mirrors. This clock should have an exaggerated, distorted shape, drawing inspiration from Salvador Dali's melting clocks to signify time standing still. The shadows themselves are long, reaching, as if trying to drag or pull disturbances into place.

**Creative Spark: A Sci-Fi Script Hook**
In the sky above the maze, faint ghostly images of futuristic cityscapes and holographic scripts hover, providing a secondary layer to the scene. These images should be soft and slightly out of focus, evoking the idea of a sci-fi narrative just out of reach.

**User Action: Ask the Shadow a Question**
Finally, depict one prominent figure near a mirrored intersection. This figure, distinct with vibrant colors like red or bright blue contrasting the surrounding cool palette, leans forward, asking a question to a shadow. This shadow stands upright on its own, detached from any physical figure, taking on expressive gestures as if engaged in conversation. The shadow appears both elusive and familiar, adding an element of curiosity and the unknown, reminiscent of the ominous yet playful nature seen in Magritte's works.

These elements blend to form a dreamscape that invites curiosity, reflection, and a sense of timelessness, drawing the viewer into the narrative woven by the symbols."
9,"""setting"": ""a house with infinite rooms"",
    ""symbol"": ""a falling star"",
    ""feeling"": ""curiosity"",
    ""metaphor"": ""the duality of self"",
    ""creative_spark"": ""a surreal animation sequence"",
    ""user_action"": ""swim under the ice""","Rooms, Falling, Desire, Self, Animation, Ice Skating","[0.6733208298683167, 0.5791785717010498, 0.6040470004081726, 0.5526789426803589, 0.6436216831207275, 0.6041334867477417]","**Visual Prompt for Image Generation Model:**

*Title: ""Exploring the Self in a House of Mirrors""*

1. **Setting: A House with Infinite Rooms**
   - The frame is filled with an enormous, labyrinthine mansion, inspired by M.C. Escher’s impossible architecture. Each room reflects varying styles—from opulent Victorian to stark modernism—all interconnected and seemingly infinite, conveying the complexity and diversity of human experience.
   - **Color and Light:** Utilize warm, inviting colors like soft amber and deep teal to instill a sense of curiosity and exploration. Diffuse, ambient lighting with hidden sources enhances mystery and intrigue.

2. **Symbol: A Falling Star**
   - Above this intricate house, draw a large, luminescent star streaking downwards like a comet. It should glow intensely with vibrant hues of electric blue and fiery orange, creating a sense of awe and capturing the fleeting nature of desires.
   - **Contrast:** High contrast against a dark, twilight sky to signify it as a central guiding focus amidst the rooms.

3. **Feeling: Curiosity**
   - Populate the scene with animated clouds of light fluttering through the rooms, suggesting the energy and movement inspired by curiosity. Each cloud could be composed of swirling, luminescent lines, chasing through open archways.

4. **Metaphor: The Duality of Self**
   - Inside a central grand hall, position two life-sized figures in continuous motion, almost as reflections of each other, symbolizing duality. One figure might be reaching towards the falling star, while the other, mirroring, reaches into a shadow below, illustrating the yin-yang nature of self-exploration.
   - **Texture and Shape:** Use smooth, fluid sculptures captured in dynamic poses to reflect harmony and tension.

5. **Creative Spark: Surreal Animation Sequence**
   - Introduce animated sequences, like Salvador Dalí’s dream landscapes, where the boundaries between reality and imagination blur. Room walls can seamlessly transition into vast landscapes or shimmering bodies of water.
   - **Lines:** Use flowing, blurred lines to suggest movement and transformation as rooms morph in impossible configurations.

6. **User Action: Swim Under the Ice**
   - A frozen pond sits in an open courtyard of the mansion. Below its cracked, glacial surface, draw a figure swimming - depicted with fluid, flowing lines that contrast with the rigid, crystalline texture of the ice above.
   - **Emotion:** Evoke a sense of serenity mixed with the thrill of the unknown, using gentle, undulating lighting beneath the ice.

7. **Overall Emotion:**
   - The composition as a whole should echo the curious exploration of identity and the infinite possibilities of self. It should resonate with a sense of endless discovery and the complex layers of human desire and introspection.

This image is a tapestry of contrasts—warmth against cold, light against shadow, solid against fluid—drawing from the works of Surrealist painters and visionary architecture to craft a dreamscape of endless exploration and self-discovery."
10,"""setting"": ""a misty cliffside monastery"",
    ""symbol"": ""a violin made of ice"",
    ""feeling"": ""regret"",
    ""metaphor"": ""embracing contradiction"",
    ""creative_spark"": ""a design for wearable tech"",
    ""user_action"": ""play the violin of ice""","Monastery, Ice Sculpture, Memories, Conflict, Technology, Violin","[0.7399967908859253, 0.610442578792572, 0.5697432160377502, 0.5531463623046875, 0.42415571212768555, 0.6260775327682495]","Create an image that embodies the mystical and ethereal aura of a dreamscape by illustrating a misty cliffside monastery. This monastery should be perched precariously on a cliff overlooking a vast, fog-shrouded abyss. Color should be the guide here, using deep, cool blues and grays to convey a sense of isolation and contemplation, reminiscent of Caspar David Friedrich's romantic landscapes.

In the foreground, center the image on a figure playing a violin crafted entirely from glistening ice. The violin, fragile and translucent, should sparkle with the internal glow of soft, diffused light. Your linework should be delicate and precise, capturing the non-permanent beauty of the ice sculpture. Evoke Edvard Munch’s emotional expressiveness to communicate regret — the player should be hunched slightly, as if weighed down by memories and nostalgic sorrow. Their facial expression, though undefined, should suggest an internal struggle, adding a layer of narrative depth.

In the mist surrounding the monastery, subtly integrate elements of technology — glowing, wearable devices hovering in soft luminescence around the player. These devices should be futuristic yet harmonious with the otherwise ancient setting, using smooth, sleek lines and soft neon hues of green and purple to suggest innovation and the spark of creativity.

Depict small symbols of conflict within the mist — perhaps ghostly figures or shadowy shapes looming in the background, their forms suggestive rather than clear. These elements should contrast against the serenity of the monastery, reflecting the internal and external conflicts within dreams.

The entire composition should feel like a painting that dwells somewhere between reality and the ephemeral world of dreams, inspired by the works of René Magritte with its surreal quality and the emotional depth akin to Vincent van Gogh’s expressive use of color and light."
11,"""setting"": ""a clocktower frozen at midnight"",
    ""symbol"": ""a mask that changes faces"",
    ""feeling"": ""serenity"",
    ""metaphor"": ""uncovering hidden truth"",
    ""creative_spark"": ""a VR environment concept"",
    ""user_action"": ""flip the coin of fate""","Clock Tower, Mask, Tranquility, Deception, Surroundings, Luck","[0.6223448514938354, 0.6752790808677673, 0.5229029655456543, 0.5327030420303345, 0.3793275058269501, 0.4936755299568176]","**Visual Prompt Instructions:**

To create a compelling and evocative image, envision a surreal landscape drawing inspiration from the metaphysical works of Salvador Dalí and the atmospheric, dream-like qualities found in the paintings of René Magritte.

**Setting:**
- The primary structure is an imposing Clock Tower, frozen at the enigmatic hour of midnight. The clock's face should be oversized and slightly tilted, symbolizing the passage and the suspension of time. Use chiaroscuro lighting to give the clock a dramatic presence, with shadows casting mysterious patterns around it.

**Surroundings:**
- Surround the clock tower with an expansive, tranquil landscape bathed in moonlight, inspired by moonlit scenes by Caspar David Friedrich. Use soft gradients of blue and silver hues to convey nighttime serenity, allowing the viewer to feel a sense of calm and stillness.

**Symbol:**
- Integrate a Mask hovering or subtly fused into the background that morphs continuously from one face to another, symbolizing the fluid nature of identity and deception. Use soft but contrasting colors to highlight each expression—such as green for envy and red for anger—creating a kaleidoscope of emotions with sleek, clean lines to define each transitioning expression.

**Feeling:**
- Infuse an overall feeling of serenity through the smooth texture of the landscape and therapeutic colors, softening the entire scene with gentle, blended brushstrokes.

**Metaphor:**
- Introduce the metaphor of ""uncovering hidden truth"" by weaving intricate patterns across the horizon, reminiscent of Escher's tessellations, suggesting both complexity and clarity beneath the surface of tranquility.

**Creative Spark:**
- Incorporate a VR environment concept as a subtle element by visualizing holographic overlays within the scene. Sections of the landscape can appear glitchy or pixelated, nodding to virtual reality, evoking the cutting-edge intersection between nature and technology.

**User Action:**
- At the center, amidst the tranquility, place a solitary figure, seemingly contemplating their fate while holding a glittering coin. The coin should gleam with a luminescent gold edge. Use high contrast to make the figure and the coin stand out, symbolizing 'flipping the coin of fate.' The figure's design should relate to classic statuary, evoking Rodin's ""The Thinker,"" focusing on posture to portray contemplation and introspective depth.

By weaving these elements together, the image should evoke a sense of mystical serenity contrasting with the underlying anticipation associated with time-frozen moments, remaining deeply symbolic with an undertone of surreal wonder."
12," ""setting"": ""a ruined amphitheater"",
    ""symbol"": ""a key that hums"",
    ""feeling"": ""excitement"",
    ""metaphor"": ""escaping expectations"",
    ""creative_spark"": ""a sculptural installation"",
    ""user_action"": ""read the letter""","Ruins, Humming, Happiness, Escape, Decorating, Letters","[0.5256528854370117, 0.558156430721283, 0.6871755719184875, 0.550603985786438, 0.5860593318939209, 0.5189633369445801]","**Visual Prompt for Art Generation:**

Imagine an image set in a breathtaking, ancient ruined amphitheater bathed in the golden glow of early morning light. The amphitheater is majestic yet haunting, with grand stone arches partially tumbled and intertwined with lush green vines, inviting both nostalgia and wonder. Use the play of light and shadow to create a mystical yet decaying atmosphere, much like the works of J.M.W. Turner's landscapes.

In the center of this amphitheater, depict a large sculptural installation, reminiscent of a work by contemporary artist Anish Kapoor—organic and fluid, its form suggesting movement and transformation. Make the sculpture vibrant and innovative, constructed from gleaming metals and recycled materials with swirling lines, evoking pathways leading to unknown vistas, symbolizing the themes of escape and new beginnings.

On one of the ancient stone seats, place a mystical, humming key that emits faint glimmers of brilliant, iridescent colors—blues and purples dancing across its surface like an aurora. The key should be oversized, elaborately decorated with intricate patterns and swirling designs like an object from Salvador Dalí's imagination. This key serves as a metaphor for unlocking personal freedom and breaking away from societal expectations.

Adjacent to the key, draw scattered letters—actual handwritten letters and alphabets swirling through the air, their edges softly glowing—representing communication, connection, and personal revelations. This invokes the tactile beauty found in illuminated manuscripts, creating a sense that these letters harbor powerful secrets and stories waiting to be discovered.

The overall emotion conveyed by this image should be of excitement and anticipation, capturing the viewer with the promise of adventure and possibilities beyond the horizon. Use expressive brushstrokes and contrasting textures to evoke the feeling of a world in flux, imbued with a sense of dynamic change and joyful discovery, much like the emotive power found in Van Gogh’s “Starry Night.”

In this scene, imagine the viewer as the dreamer, curious and full of wonder, reaching out to read the letter, with hints of happiness captured in the warm color palette, embodying the vivid excitement of encountering the unknown yet alluring future."
13," ""setting"": ""a bridge suspended in starlight"",
    ""symbol"": ""a compass spinning wildly"",
    ""feeling"": ""bewilderment"",
    ""metaphor"": ""building a foundation"",
    ""creative_spark"": ""a soundscape composition"",
    ""user_action"": ""trace the dream map""","Skylights, Compass, Frustration, Foundation, Sound, Map","[0.4863824248313904, 0.6842892169952393, 0.6517074704170227, 0.6374722719192505, 0.5156559348106384, 0.5695578455924988]","To create a vivid visual prompt that encompasses the dream symbols and settings, imagine an ethereal landscape where the boundaries between reality and imagination blur. This scene will channel the surreal strength of Salvador Dalí and the mystical starlit realms of Vincent van Gogh.

**Setting & Light**:
- Set the scene on a graceful bridge stretching across a cosmos bathed in starlight. The bridge, suspended against an expansive sky, should appear immaterial, its arches and cables woven with threads of shimmering silver and blue. Stars twinkle like bright, distant jewels scattered in indigo darkness, and nebulous clouds drift lazily across the scene, gifting the whole atmosphere with a serene yet awe-inspiring glow.

**Symbols**:
- **Compass**: Place a large, ornate compass at the bridge's center, its needle spinning wildly in chaotic velocity. Capture this with dynamic, flowing lines to depict its unrestrained energy, evoking a sense of uncontrolled motion. The compass should be painted in rich golds with patches of patina as if aged by wisdom, surrounded by a halo of light to suggest its significance.
  
- **Frustration**: Introduce frustration subtly through a figure standing on the bridge. The figure should be ambiguous, sketched in a minimalistic style with sweeping, restless lines to imply movement and unease. The posture should communicate bewilderment—arms slightly outstretched, palms open as if searching or questioning.

- **Foundation**: Beneath the translucent base of the bridge, suggest a half-formed foundation of stone blocks, echoing Michelangelo's rough-hewn David. These stones float just above an unseen ocean, signifying an unfinished or evolving journey. Use texture to highlight their raw, untamed nature, invoking the thought of what is yet to be constructed or solidified.

- **Map**: Alongside the figure, sketch a large, sprawling map with an intricate design reminiscent of an explorer’s treasured parchment. Allow its edges to flutter freely, as though caught in a gentle breeze, alive with potential paths and unknown destinations drawn in soft, inviting sepia tones.

**Creative Spark & Sound**:
- Allow musical notations and swirling patterns to emanate from the skylights overhead. In the style of Kandinsky, use abstract, colorful shapes and lines to represent the ethereal soundscape enveloping the scene. These visual rhythms should flow into the night, suggesting the creativity and mystery of dreams, echoing silently yet powerfully through the expansive celestial panorama.

**Emotion & Contrast**:
- Inject the emotion of bewilderment through stark contrasts between light and shadow—capturing the dichotomy of the dreamer’s internal conflict. Balance the calm starlit sky with the frenetic energy of the spinning compass, the tranquility with the tension in each element.

The entire composition should resonate with an aura of mystical discovery, inviting the viewer to trace the dream map, to ponder the unfinished foundation and to listen to the silent song of the stars, all while confronting the wild uncertainty symbolized by the ever-spinning compass."
14,"""setting"": ""an endless staircase"",
    ""symbol"": ""a letter from the future"",
    ""feeling"": ""grief"",
    ""metaphor"": ""saying goodbye"",
    ""creative_spark"": ""a graphic novel scene"",
    ""user_action"": ""wear the shifting mask""","Spiral Staircase, Future, Grief, Goodbye, Comic Book Store, Mask","[0.7972401976585388, 0.5657208561897278, 1.0000001192092896, 0.7755767107009888, 0.49455663561820984, 0.652378261089325]","To create a vivid and emotionally resonant visual prompt based on your dream description, let's bring together all the symbols into a single evocative image:

**Image Description:**

Imagine an infinite spiral staircase twisting upwards into a twilight sky tinged with deep purple and rich indigo hues, resonating a sense of the unknown and endless journey. The staircase is cast in contrasting shadows and highlights, drawing inspiration from M.C. Escher’s intricate architectural fantasies. Each step, dark and labyrinthine, hints at a journey both physical and emotional.

**Central to the scene**, a large letter—symbolizing the letter from the future—floats in mid-air, its envelope adorned with faint golden light, casting a gentle warm glow which breaks the dreariness of the surrounding shadows. The letter is open, its paper seeming to rustle subtly in an unfelt breeze, with text that fades into small illustrations like ethereal glimpses of a future yet written; think of the surrealistic and poignant style of Salvador Dalí.

**To the side**, introduce an element of farewell—a translucent figure, like the silhouette of a loved one, stands with a gentle hand raised in a permanent goodbye, their form dissolving like sand in the wind. This figure embodies the deep emotional weight of grief and loss, evoking the profound art of Käthe Kollwitz who illustrated themes of mourning with raw emotion.

**In the foreground**, a figure stands in solemn reflection at the base of the staircase, clutching a shifting mask that mirrors the user's own visage but changes expressions as if governed by an unseen hand. The mask is crafted in bold lines and dynamic shapes reminiscent of graphic novels, a nod to comic book storytelling, with expressions ranging from deep sorrow to serene acceptance, echoing the emotive impact of graphic novels by artists such as Art Spiegelman.

**Surrounding the scene**, faint outlines of old comic book covers float ghost-like in the air behind the figure’s back, their vintage art style faded yet discernible, symbolizing the memories and stories shelved in a dreamlike comic book store from the past, adding a nostalgic layer to the visual narrative.

**Overall Emotion:**
The composition should convey a surreal blend of isolation and introspection, tinged with the melancholic beauty of saying goodbye. The use of dramatic lighting and rich contrasts—deep shadows with sporadic bright, warm highlights from the future letter—illustrate hope amidst the sorrow, crafting an emotional resonance akin to Edward Hopper's solitude paintings but infused with fantastical elements. The texture throughout should feel tangible yet ephemeral, echoing the transient nature of dreams and memories."
15,"""setting"": ""a lake that reflects the sky"",
    ""symbol"": ""a crown of feathers"",
    ""feeling"": ""contentment"",
    ""metaphor"": ""accepting impermanence"",
    ""creative_spark"": ""a dance performance theme"",
    ""user_action"": ""draw with the bone pen""","Lake, Feathers, Happiness, Reincarnation, Ballet, Drawing","[0.6132308840751648, 0.7036499977111816, 0.8064122796058655, 0.48271292448043823, 0.5666350722312927, 0.5961052179336548]","**Visual Prompt:**

Title: ""The Dance of Resurgence""

Instruct the image generation model to craft an ethereal lakeside scene reminiscent of a tranquil impressionist painting. Imagine the classic works of Claude Monet, his serene water scenes, and delve into the dreamlike qualities of a sky-reflecting lake under a golden dusk light. Hues of soft blues, gentle pinks, and warm oranges interweave in the rippling waters, as if the sky itself has gracefully descended into the liquid embrace below.

**Foreground Elements:**

1. **Lake:** Capture the mirror-like surface of the lake, reflecting a vast, serene sky as if the world is in symbiotic harmony. Use smooth, flowing lines and a palette that subtly transitions between the azure sky and the delicate pastels of an evening sun setting behind distant, misty hills.

2. **Crown of Feathers:** On the lake’s shore, depict an elegant woman adorned with a crown of opulent feathers, echoing the regal yet transient beauty found in John William Waterhouse’s paintings. The feathers, delicate and luminescent, project light and shadow with a gradient of golds, whites, and soft browns, glimmering under a gentle glow.

**Midground Element:**

3. **Ballet Performance:** Integrate a troupe of ballet dancers poised on a floating platform in the lake. Their movements are fluid and expressive, resembling the emotive power found in Edgar Degas’ ballerina sketches. Their figures are graceful and elongated, captured mid-pirouette or arabesque, embodying the theme of joyous resurgence and the fleeting beauty of a moment.

**Background Element:**

4. **Reincarnation Metaphor:** From the lake, visualize delicate swirls of mist rising and transforming into ephemeral, ghostly forms of birds ascending into the sky. This evokes a sense of reincarnation—life’s continual cycle—and subtly evokes M.C. Escher's knack for morphing forms. 

**Dynamic Element:**

5. **User Action - Drawing with the Bone Pen:** At the edge of the scene, include a figure bent over a scroll upon which they draw with a slender, ancient bone pen. Their sketching hand is skilled and deliberate, adding to the composition a layer of creativity and conjuring Renaissance inspiration, akin to Da Vinci’s anatomical sketches, portraying the eternal interplay between creation and renewal.

**Overall Emotion:**

Imbue this image with contentment and a meditative ambiance. There is a balance between stillness and motion—capture the acceptance of impermanence through harmonious visuals, evoking an artful tranquility that whispers of life’s endless dance, captured with emotive light and shadow."
16,"""setting"": ""a candlelit cavern"",
    ""symbol"": ""a ring with shifting colors"",
    ""feeling"": ""dread"",
    ""metaphor"": ""resisting temptation"",
    ""creative_spark"": ""a photographic motif"",
    ""user_action"": ""sing to the beetle""","Cave, Ring, Dreadlocks, Temptation, Photographs, Beetles","[0.6510500311851501, 0.5773348808288574, 0.63872891664505, 0.8207231760025024, 0.57939213514328, 0.5389986634254456]","Create an image titled ""Echoes of Temptation"" inspired by Surrealism with elements reminiscent of Salvador Dalí's dreamlike and emotional resonance. 

In this dreamscape, the setting is a dimly lit cavern with walls textured like a gothic cathedral, etched with intricate designs that waver with the flickering candlelight. The cavern’s interior is rich with layers of warm ochres and cool grays, creating a stark contrast that evokes a sense of mystery and ancient secrets. 

In the center, suspended in the air, is a large, luminescent ring with shifting colors. The hues swirl like the Northern Lights, casting ethereal reflections that dance across the damp, rocky surfaces. This ring serves as both a focal point and a symbol of temptation—its beauty intoxicating, yet eluding the grasp. Its colors are vivid, shifting from passionate reds to serene blues, mirroring the emotional turmoil of resisting allure.

A figure stands in the cavern, whose dreadlocks cascade down like woven vines of deep mahogany, framing an expression of poetic introspection. This figure holds a weathered photograph that seems to capture an earlier, more innocent past. The photograph's sepia tones are stark against the vibrant ring, anchoring the scene in a sense of nostalgia and longing.

At the figure's feet, a cluster of beetles scuttles over patches of emerald moss, their carapaces glimmering under the dim light. Each beetle moves in unison, a curious audience, their presence both unsettling and oddly comforting. The figure, filled with an intangible dread and a spark of creative defiance, softly sings to the beetles—a haunting melody that resonates throughout the cavern, creating ripples in the ambient air, similar to the works of Chagall in its emotional depth.

This evocative composition is designed to touch on the universality of human temptation and introspection, using expressive lighting and dynamic contrasts to envelop the viewer in a rich emotional tapestry of resistance and memory."
17,"""setting"": ""a field of mechanical flowers"",
    ""symbol"": ""a puppet with no strings"",
    ""feeling"": ""amazement"",
    ""metaphor"": ""rewriting fate"",
    ""creative_spark"": ""a typography experiment"",
    ""user_action"": ""light the floating lantern""","Petals, Puppeteer, Shock, Reincarnation, Typing, Lantern","[0.5839210748672485, 0.6160365343093872, 0.5944280624389648, 0.4137480854988098, 0.5112680792808533, 0.6413930058479309]","Image Generation Prompt:

Create an ethereal and surreal scene set in a sprawling field of mechanical flowers. These flowers blend nature with machinery, their metallic petals catching soft moonlight, with iridescent colors reminiscent of Claude Monet’s Impressionism but rendered with a steampunk twist. Each petal has gears and delicate filigrees etched onto vibrant metal surfaces, beautifully reflecting moonlight with a chromatic gradient.

In the foreground, a puppet with no strings stands triumphantly, symbolizing liberation and the idea of rewriting one's destiny. Its wooden form is reminiscent of Degas' ballerinas—captured in a moment of poised grace as if on the brink of movement, yet without the constraints of strings. The puppet's stance conveys a powerful sense of amazement and newfound freedom, drawing inspiration from Auguste Rodin's expressive sculptures.

Nearby, a typewriter floats in midair, keys tapping without touch, embodying the process of typing as a metaphor for 'rewriting fate.' The letters, detached and cascading like a waterfall in typographic font, morph dramatically from Times New Roman to Gothic script, evocative of a Dadaist collage, illustrating a typography experiment in progress.

A warm, glowing lantern floats above, casting a gentle, golden light that lends the scene an aura of hope and possibility. The soft, radiant glow of the lantern cuts through the bluish hues of the night, its light suggesting moments of epiphany and rebirth, aligning with the theme of reincarnation. The illumination casts intricate shadows on the flowers, a chiaroscuro reminiscent of Rembrandt's mastery, highlighting mystery and awe.

The overall emotion is one of amazement and wonderment—a serene yet electrifying discovery—capturing the core feeling of witnessing something profoundly extraordinary and transformative. The image balances delicate detailing with an overwhelming sense of creative potential, leaving an indelible impression of magic and mystery akin to the whimsicality of a Max Ernst painting."
18,"""setting"": ""a treehouse in the clouds"",
    ""symbol"": ""a coin that flips itself"",
    ""feeling"": ""vulnerability"",
    ""metaphor"": ""walking between worlds"",
    ""creative_spark"": ""an architectural blueprint"",
    ""user_action"": ""unlock the puppet chest""","Treehouse, Coins, Weakness, Parallel World, Blueprints, Puppeteer","[0.7571027278900146, 0.4829694628715515, 0.5986343622207642, 0.5715987086296082, 0.5590676665306091, 0.5560681819915771]","Title: ""The Puppeteer's Realm - Walking Between Worlds""

Image Description:
Begin with the setting—a grand, wooden treehouse nestled among ethereal, cotton-like clouds. The treehouse is intricately crafted with twisting branches and foliage, evoking the mystique of an otherworldly forest in a Salvador Dalí painting. The sky is an endless gradient of twilight colors—deep purples and blues—imbued with a mystical aura, drawing inspiration from Van Gogh's ""Starry Night.""

In the foreground, a large, ancient coin hovers and rotates in mid-air, its surfaces glinting with silver and gold. The coin's perpetual flipping motion suggests the fleeting nature of chance and destiny. Artists could reference the precision and detail found in M.C. Escher's work to accentuate this surreal element.

At the heart of the treehouse lies an ornate chest, its lid ajar. Out of the chest spills an array of marionette puppets, each delicately carved with expressive faces, their strings seemingly pulled by an invisible puppeteer. The lighting on the puppets is warm and dramatic, highlighting their polished, wooden surfaces with the drama of Rembrandt's chiaroscuro. This symbolizes the vulnerability of being controlled and the intricate beauty of human emotions.

Nearby, on a crumpled parchment, lies an architectural blueprint. The crisp lines and geometric shapes of the blueprint introduce a sense of order among the chaos, reminiscent of Leonardo da Vinci's sketches, complete with annotated notes and detailed schematics. The blueprint represents the user's ability to design pathways through life’s complexities in this parallel world.

In the distance, a rift in the clouds opens, offering a glimpse into a parallel world. This portal, bathed in a gentle, warm light, suggests hope and possibility. The feeling of vulnerability is woven throughout—captured in the tense balance of the coin, the intricate manipulation of the puppets, and the delicate architecture of the treehouse, inviting the viewer to delve deep into the subconscious realm where structure and whimsy coexist.

Through this vivid tapestry of symbolism and emotion, the dream encapsulates an introspective journey—navigating weakness, chance, and duality with creative insight and an unwavering spirit."
19,"""setting"": ""a windmill that hums with music"",
    ""symbol"": ""a map of dreams"",
    ""feeling"": ""euphoria"",
    ""metaphor"": ""questioning reality"",
    ""creative_spark"": ""a perfume concept"",
    ""user_action"": ""drink from the cloud jar""","Windmill, Dreams, Joy, Philosophy, Perfume, Jar","[0.6597847938537598, 0.6672387719154358, 0.662224292755127, 0.5418397188186646, 0.7958310842514038, 0.5892640948295593]","**Visual Prompt: ""Euphoric Reflections: A Symphony of Dreams""**

Instruct the image generation model to create an enchanting, surreal landscape inspired by the ethereal quality of the painter René Magritte. The setting is a vast, open field under a twilight sky, softly illuminated by a constellation of golden stars. 

**Windmill:**
At the center, place an enormous, old-fashioned windmill, whose sails rotate languidly yet melodiously, emitting a golden glow. Use swirling lines and delicate brushstrokes to convey the movement and the soft music emanating from it, akin to Vincent van Gogh's dynamic use of lines in ""Starry Night.” The windmill stands as a tall, elegant ode to the past, with texture reminiscent of rustic wood and smooth steel, blending the old with the new.

**Map of Dreams:**
Floating in the night sky above the windmill, depict a vast, translucent map made of shimmering gossamer fabric. It undulates like gentle waves, literally mapping out an ethereal cosmos. Use soft blues and purples, imbued with flecks of stardust, to evoke a sense of infinite dreaming and exploration. Let the threads of the map appear fragile yet infinite, drawing inspiration from the delicate line work of Alphonse Mucha's art nouveau style.

**Emotion of Euphoria:**
Infuse the entire landscape with an overwhelming sense of euphoria. Bathe the field and sky in a warm, golden light that radiates from the stars and reflects off the windmill, creating high contrast and a glowing atmosphere similar to J.M.W. Turner's use of light. This golden hue is synonymous with joy and enlightenment, creating an aura of happiness and transcendence that permeates the entire scene.

**Philosophical Metaphor:**
Incorporate abstract shapes floating on the horizon, each one twisting upon itself in impossible perspectives, subtly questioning the nature of reality, similar to the perplexing visual scenes by M.C. Escher. These shapes are semi-transparent, catching the light like gentle prisms, suggesting the viewer ponder on reality’s complexity.

**Perfume Concept:**
Turn the experiences and emotions into visual fragrances. Allow tendrils of pastel-colored, fragrant mist to rise from the windmill, swirling upwards in soft layers like intricate calligraphy in the wind. These misty ribbons of lavender and rose pink are redolent of Yves Saint Laurent's provocative classicism, inviting the viewer to imagine scents that capture the dreamscape's joy and mystery.

**Jar with Cloud:**
In the foreground, a translucent jar sits capturing a fragment of the evening sky within, a small cloud inside its crystal-clear walls. The jar is a beacon of wonder, with its glass surface reflecting the luminescence around it. The cloud inside is fluffy and white, a symbol of purity and ephemerality. Employ exquisite attention to detail in the jar's design, capturing subtle reflections and textures, reminiscent of Dutch Golden Age still-life painters like Jan Davidsz de Heem.

**User Action:**
Portray a whimsical figure, dressed in flowing robes that flutter lightly as if in tandem with the music from the windmill. They lift the jar gently, ready to drink from it. Their expression is one of serene bliss and contemplation, illuminated by the soft luminescent glow of the scene, evoking the quiet joy and philosophical depth of an Edgar Degas dancer.

**Overall Emotion:**
Ensure that the overall image evokes a deep sense of euphoria and mystery, employing vibrant colors, dramatic contrasts, and dreamy textures to craft a world where reality is lovingly questioned and the fantastical feels palpable."
20,"""setting"": ""a tunnel of glowing vines"",
    ""symbol"": ""a book that writes back"",
    ""feeling"": ""solitude"",
    ""metaphor"": ""bridging past and future"",
    ""creative_spark"": ""a tarot card design"",
    ""user_action"": ""walk across the star bridge""","Tunnels, Spell Book, Isolation, Future, Tarot Cards, Golden Gate Bridge","[0.6051644682884216, 0.5771937966346741, 0.6857735514640808, 0.6009674668312073, 0.7729634642601013, 0.605072557926178]","To create this vivid and symbolic image, situate the scene within a tunnel formed by intertwining glowing vines, which should emit a luminescent, ethereal green and blue light. Draw inspiration from the dreamlike qualities of Gustav Klimt, using flowing, organic lines and intricate patterns to form the vines, while incorporating touches of gold to reflect the mystical and precious aspect of the vision.

At the center of the tunnel, position a large, ancient spell book hovering slightly above the ground. Use an open spread for visibility; its pages are filled with elegant, calligraphic writing in a soft glowing ink that seems to materialize and fade—a book that writes back. Its cover could be inspired by the richly decorative and mysterious elements often seen in medieval manuscript illumination.

For a sense of isolation and solitude, contrast the warm, inviting glow of the book and vines with the deep shadowed recesses of the tunnel, creating a chiaroscuro effect reminiscent of Rembrandt's use of light and dark. This will emphasize the dreamer's solitude within this mystical tunnel.

Incorporate the Golden Gate Bridge’s iconic silhouette in the distance as a delicate, ghostly outline made from stars, symbolizing a bridge to the future in this fantastical setting. As the bridge reaches into the shadowed future, it becomes less defined, symbolizing the unknown.

On the ground, the path the dreamer walks upon should be textured like a celestial star field, akin to Van Gogh's ""Starry Night"", in a swirling mass of blues, purples, and sparkles of gold. This star bridge represents a journey, bridging past experiences and future possibilities.

Finally, incorporate the tarot card design as large, floating cards that hover subtly in the background, each one depicting a scene or symbol relevant to themes of destiny and introspection. Use vibrant colors and symbolic imagery, drawing inspiration from the rich tradition of tarot art, to add depth and mystery to the scene.

The overall emotion evoked should be one of mystical wonder, introspection, and a silent yet hopeful anticipation of what lies ahead, combining elements of magic, solitude, and transcendence to create an evocative dreamscape."
21," ""setting"": ""a shipwreck in space"",
    ""symbol"": ""a cloud in a jar"",
    ""feeling"": ""clarity"",
    ""metaphor"": ""remembering what was lost"",
    ""creative_spark"": ""a film treatment"",
    ""user_action"": ""stand under the humming windmill""","Shipwreck, Jar, Clear, Memories, Film, Windmill","[0.6632832288742065, 0.7004244327545166, 0.5807804465293884, 0.5355952382087708, 0.6595262885093689, 0.6885902285575867]","### Visual Prompt for Image Generation Model

**Title: ""Echoes of Memory""**

**Composition & Setting:**
Depict a surreal, starry expanse of outer space as the primary backdrop. This cosmic setting should feel vast and infinite, with a mixture of deep blues and blacks, speckled with twinkling stars for a touch of mystery and wonder, reminiscent of Van Gogh’s ""Starry Night.""

**Central Imagery:**
1. **Shipwreck:**
   - Position a disintegrating ship, twisted and torn, floating amidst the stars, symbolizing lost journeys and forgotten paths. Give the wreckage a spectral quality by using soft, iridescent colors—gleaming silvers and muted bronzes—that shimmer as if caught in eternal twilight. The twisted lines of the ship should convey a sense of tragic beauty, like the dramatic seascapes of J.M.W. Turner.

2. **Cloud in a Jar:**
   - Anchor the composition with a glass jar, shown in mid-air among the stars, capturing a wisp of cloud. The jar should be illuminated from within, exuding a gentle glow that casts ethereal shadows across the shipwreck. This should evoke a serene yet poignant contrast to the surrounding dark void, with delicate white and soft pastels swirling like cotton candy clouds in a René Magritte painting. 

**Symbolic Elements:**
1. **Memories:**
   - Integrate translucent filmstrips interwoven between the stars, curling around the shipwreck like ribbons of forgotten scenes. The filmstrips should have ghostly projections playing looped memories, flickering old sepia-toned images that merge and dissolve into the cosmos.

2. **Clarity:**
   - Utilize soft, crisp light focused on the jar, giving it a crystalline sharpness against the ethereal terrain. This contrast symbolizes the idea of clarity emerging from chaos. The scene should evoke an uplifting sense of revelation despite the wreckage.

**Supportive Imagery:**
1. **Windmill:**
   - Include an ancient windmill as a distant silhouette on the horizon of a small floating asteroid. Its blades turn slowly, humming with a soft luminescence of fluorescent greens and blues, casting circular halos like halos found in Monet's ""Haystacks"" series. The windmill serves as a beacon of continuity and cyclical nature, standing firmly amidst the chaos.

**Mood and Emotion:**
- The overall atmosphere should mix melancholia with serenity, inspiring reflection. The juxtaposition of the shipwreck and the glowing jar symbolizes both loss and the retention of essential essences or truths. The mood channels a sense of quiet reckoning—remembering past journeys in pursuit of clarity, evocative of Caspar David Friedrich's solitude and introspection.

**Connection to the Viewer:**
- Position a shadowy figure, perhaps the user, standing arm's reach from the perspective, gazing up at the windmill with a stance of yearning or contemplation. The figure should suggest motion towards enlightenment or understanding, adding a human element to the vast interstellar scope.

By intertwining these elements, the image will resonate with themes of loss, clarity, and memory, offering a deeply symbolic and visually compelling journey through the fabric of space and introspection."
22,"""setting"": ""a dream-market full of masks"",
    ""symbol"": ""a glowing beetle"",
    ""feeling"": ""tension"",
    ""metaphor"": ""exploring unseen potential"",
    ""creative_spark"": ""a comic strip punchline"",
    ""user_action"": ""trade a secret at the mask market""","Mask, Beetles, Stress, Explore, Comedy, Mask","[0.5762724280357361, 0.6363640427589417, 0.646328866481781, 0.46158820390701294, 0.45333734154701233, 0.5969521999359131]","Artistic Image Prompt:

Create an artwork of a bustling dream-market at twilight, an expansive scene inspired by the surrealist works of Salvador Dalí and the vibrant color palettes of Henri Matisse. The market stalls, each draped with deep, velvety purples and midnight blues, are laden with a myriad of masks. These masks should be varied in design— from Greco-Roman theatrical masks to those reminiscent of African tribal art, each with exaggerated expressions that blend comedy and tragedy, suggesting an air of dramatic tension and curiosity. 

Center the composition with a stall where the user is engaged in trading secrets, with their hand extended, offering a swirling, ethereal wisp of secrets depicted in luminous, fluid lines reminding one of Art Nouveau style, enhancing the mystique.

Hovering above the scene is a colossal, glowing beetle, an iridescent blend of emerald and gold, reminiscent of Tiffany glass, which casts a soft, otherworldly light over the market. Its presence signifies unseen potential, drawing inspiration from Egyptian mythology where the scarab beetle is a symbol of transformation.

Overall, the market carries an atmosphere of tension and exploration, underscored by long, distorted shadows and high contrast between light and dark, echoing the emotive chiaroscuro used by Caravaggio. The lines are whimsical yet sharp, as seen in comics, creating an undertone of a comic strip punchline— a playful nod to exploring the surreal potentials of identity and secrecy.

Textures should be richly detailed: the beetle's carapace is tactile, almost metallic, the masks are smooth and varied, and the market's cobblestones are worn and uneven, heightening the sense of a journey through a world not entirely understood, yet filled with promise and insight."
23,"""setting"": ""a train without tracks"",
    ""symbol"": ""a lantern that floats"",
    ""feeling"": ""reverence"",
    ""metaphor"": ""bearing witness"",
    ""creative_spark"": ""a magical realism vignette"",
    ""user_action"": ""board the trackless train""","Railway Tracks, Lantern, Respect, Witness, Magic, Train Tracks","[0.7173829674720764, 0.6673622131347656, 0.7283379435539246, 0.7581377625465393, 0.4816337525844574, 0.6588650345802307]","Create an image set in a twilight landscape where a train floats gently above an endless expanse of water. The train, an elegant vintage locomotive, glows faintly with a warm sepia tone, reminiscent of steampunk aesthetics. In the distance, the horizon blurs into a surreal gradient of deep purples and blues, evoking a sense of the mysterious and the divine, like a painting by René Magritte.

The railway tracks, usually solid and grounded, are imagined as a series of faint, wispy lines made of golden light, hovering just beneath the floating train. These lines flicker like ephemeral illusions, hinting at a journey beyond the ordinary and symbolizing paths not yet taken. It's a nod to the works of surrealists who play with reality and illusion.

In the foreground, a single, oversized lantern floats in midair. Crafted with intricate stained glass patterns, it casts a kaleidoscope of warm colors—rich reds, glowing oranges, and subtle greens—onto the water below. Its light is a beacon of guidance and protection, much like the religious iconography seen in medieval paintings, invoking a feeling of reverence and respect.

Against the evocative backdrop of a silvery moon casting soft beams across the scene, draw a group of ethereal, faceless figures. These figures are immaterial, appearing almost as mirages created from shimmering air—witnesses to this surreal tableau. They are a metaphor for bearing witness, their presence subtle, yet deeply moving, emphasizing the emotional weight and sacredness of the moment.

Invite the viewer to the scene by incorporating a narrow wooden pier leading up to the train. The texture of the wood is pronounced, rich with the wear of countless journeys. Its sturdy, weathered planks extend towards the train, an invitation to board, symbolizing the act of embracing the unknown with respect and wonder.

Infuse the overall image with a sense of magical realism, where the borders between reality and imagination blur, capturing a sense of unease and delight. The use of chiaroscuro—contrasting light and dark elements—heightens the mystical atmosphere, guiding the emotional journey through contrast and harmony."
24,"  ""setting"": ""a door floating in fog"",
    ""symbol"": ""a pen made of bone"",
    ""feeling"": ""hope"",
    ""metaphor"": ""reclaiming self"",
    ""creative_spark"": ""a childrens book scenario"",
    ""user_action"": ""step through the fog door""","Fog, Pen Knife, Hope, Reincarnation, Coloring Book, Fog","[0.5966948866844177, 0.5905956029891968, 1.0000001192092896, 0.5342062711715698, 0.4681870639324188, 0.6385003328323364]","To create a deeply symbolic and emotionally resonant image based on the provided dream symbols, we will merge elements that evoke mystery, introspection, and renewal. We aim for something that draws inspiration from the soft chiaroscuro effects seen in artworks like those of J.M.W. Turner, mixed with the playful, yet surreal aesthetics of children's book illustrations by artists like Maurice Sendak.

Image Description:

1. **Setting**: In the center of the image, a door floats amidst swirling, ethereal fog that dominates the composition. The fog should be depicted with soft, wispy strokes, using a palette of grays and blues, instilling both a sense of mystery and calm. The door is illustrated with a classic arched shape, rendered in intricate details, reminiscent of ornate medieval craftsmanship, symbolizing a portal to another realm or phase of life.

2. **Symbol**: A subliminal pen knife, stylized as an ornamental pen made of ivory bone, rests gently against the doorframe. The pen is bathed in a subtle, ethereal glow, emanating hope and suggesting its dual nature as a tool for creation and transformation. The pen's intricate carvings include spirals and stars, emblematic of the endless cycle of reincarnation.

3. **Feeling**: The overall mood of the painting is one of hopeful anticipation, achieved through the interplay of soft lights and contrasting shadows. The fog is slightly illuminated, indicating an unseen source of light just beyond the frame, conjuring a sense of promise and new beginnings.

4. **Metaphor & Creative Spark**: The fog and door setup, with its misty mystery, alludes to the metaphor of reclaiming oneself, with the fog signifying the unknown and the door the conscious step towards self-discovery. Accompanying this metaphor is a cascade of delicate, colorful butterflies emerging from the shadows surrounding the door, each akin to a page from a child's coloring book slowly coming to life, representing varied aspects and hues of the self.

5. **User Action**: The figure, depicted in a style slightly reminiscent of a child from a storybook (perhaps with a softer edge, akin to illustrations by Chris Van Allsburg), stands poised to step through the door. Their expression is one of youthful determination, embodying the feeling of hope and the courage to embrace transformation. The edges of the fog begin to part gently around them, symbolizing the readiness to step into new beginnings and embrace their scripted narrative.

This composition should blend elements of realism and the whimsical, creating an image that, much like the vivid stories from childhood, speaks to both the narrative of dusk and dawn in the journey of personal understanding and growth."
